Workbook

Sheet Raw_Data
A1: This dataset contains raw customer data with intentional inconsistencies for data cleaning practice.
A3: Product Name | B3: Category | C3: Price | D3: Quantity | E3: Supplier | F3: Date Ordered
A4: Doggie Chew Bone | B4: chew toys | C4: 12.99 | D4: 5 | E4: HappyPaws | F4: 46024
A5: puppy leash | B5: leash | C5: 7.5 | D5: 10 | E5: DogWorld | F5: 46027
A6: dog food bag | B6: food | C6: 45 | D6: 2 | E6: PetCo | F6: 46029
A7: Dog Collar Large | B7: collar | C7: 14.99 | D7: 8 | E7: Paws n Claws | F7: 46032
A8: dog toy squeaky | B8: toy | C8: 8.5 | D8: 12 | E8: DoggieMart | F8: 46034
A9: puppy Treats | B9: treats | C9: 6.25 | D9: 15 | E9: FurEver | F9: 46037
A10: Dog Shampoo | B10: shampoo | C10: 10 | D10: 7 | E10: PuppySupply | F10: 46040
A11: chew TOY | B11: toy | C11: 7.75 | D11: 6 | E11: PetHub | F11: 46042
A12: dog harness | B12: harness | C12: 15.99 | D12: 3 | E12: BarkShop | F12: 46044
A13: dog bed soft | B13: bed | C13: 35 | D13: 4 | E13: CanineCorner | F13: 46047
A14: dog toothpaste | B14: toothpaste | C14: 5 | D14: 10 | E14: PupStore | F14: 46050
A15: bone toy | B15: toy | C15: 6 | D15: 9 | E15: DoggieMart | F15: 46052
... A43: dog treat box | B43: treats | C43: 7 | D43: 15 | E43: PetHub | F43: 46110
A44: Dog Collar Small | B44: collar | D44: 8 | E44: DogWorld | F44: 46112

Sheet Cleaned_Data
A1: This dataset contains cleaned and standardized customer order data with documented data quality fixes.
A3: Product Name | B3: Category | C3: Category (Standardized) | D3: Price | E3: Price Range | F3: Quantity | G3: Quantity Range | H3: Supplier | I3: Date Ordered | J3: Cleaning Action Taken
A4: =PROPER(TRIM(Raw_Data!A4)) -> Doggie Chew Bone | B4: =PROPER(TRIM(Raw_Data!B4)) -> Chew Toys | C4: =IF(B4="Toy","Toys", IF(B4="Toys","Toys", IF(B4="Chew","Toys", IF(B4="Chew Toys","Toys", IF(B4="Treats","Treats", IF(B4="Snacks","Treats", IF(B4="Food","Food", IF(B4="Leash","Walking", IF(B4="Collar","Walking", IF(B4="Harness","Walking", IF(B4="Bed","Comfort", IF(B4="Blanket","Comfort", IF(B4="Shampoo","Grooming", IF(B4="Toothpaste","Grooming", IF(B4="Clippers","Grooming", IF(B4="Grooming","Grooming", IF(B4="Carrier","Accessories", IF(B4="Jacket","Accessories", IF(B4="Hat","Accessories", IF(B4="Sweater","Accessories", IF(B4="Raincoat","Accessories", B4))))))))))))))))))))) -> Toys | D4: =VALUE(SUBSTITUTE(TRIM(Raw_Data!C4), "$","")) -> 12.99 | E4: =IF(C2="N/A","N/A", IF(C2<=10,"0-10", IF(C2<=20,"10-20", IF(C2<=30,"20-30","30+")))) -> 0-10 | F4: =VALUE(TRIM(Raw_Data!D4)) -> 5 | G4: =IF(E2<=5,"1-5", IF(E2<=10,"6-10", IF(E2<=15,"11-15","16+"))) -> 1-5 | H4: =PROPER(TRIM(Raw_Data!E4)) -> Happypaws | I4: =DATEVALUE(TRIM(Raw_Data!F4)) -> 46024 | J4: Capitalization corrected; price formatted
A5: =PROPER(TRIM(Raw_Data!A5)) -> Puppy Leash | B5: =PROPER(TRIM(Raw_Data!B5)) -> Leash | C5: =IF(B5="Toy","Toys", IF(B5="Toys","Toys", IF(B5="Chew","Toys", IF(B5="Chew Toys","Toys", IF(B5="Treats","Treats", IF(B5="Snacks","Treats", IF(B5="Food","Food", IF(B5="Leash","Walking", IF(B5="Collar","Walking", IF(B5="Harness","Walking", IF(B5="Bed","Comfort", IF(B5="Blanket","Comfort", IF(B5="Shampoo","Grooming", IF(B5="Toothpaste","Grooming", IF(B5="Clippers","Grooming", IF(B5="Grooming","Grooming", IF(B5="Carrier","Accessories", IF(B5="Jacket","Accessories", IF(B5="Hat","Accessories", IF(B5="Sweater","Accessories", IF(B5="Raincoat","Accessories", B5))))))))))))))))))))) -> Walking | D5: =VALUE(SUBSTITUTE(TRIM(Raw_Data!C5), "$","")) -> 7.5 | E5: =IF(D3="N/A","N/A", IF(D3<=10,"0-10", IF(D3<=20,"10-20", IF(D3<=30,"20-30","30+")))) -> 30+ | F5: =VALUE(TRIM(Raw_Data!D5)) -> 10 | G5: =IF(F3<=5,"1-5", IF(F3<=10,"6-10", IF(F3<=15,"11-15","16+"))) -> 16+ | H5: =PROPER(TRIM(Raw_Data!E5)) -> Dogworld | I5: =DATEVALUE(TRIM(Raw_Data!F5)) -> 46027 | J5: Capitalization corrected; price formatted
A6: =PROPER(TRIM(Raw_Data!A6)) -> Dog Food Bag | B6: =PROPER(TRIM(Raw_Data!B6)) -> Food | C6: =IF(B6="Toy","Toys", IF(B6="Toys","Toys", IF(B6="Chew","Toys", IF(B6="Chew Toys","Toys", IF(B6="Treats","Treats", IF(B6="Snacks","Treats", IF(B6="Food","Food", IF(B6="Leash","Walking", IF(B6="Collar","Walking", IF(B6="Harness","Walking", IF(B6="Bed","Comfort", IF(B6="Blanket","Comfort", IF(B6="Shampoo","Grooming", IF(B6="Toothpaste","Grooming", IF(B6="Clippers","Grooming", IF(B6="Grooming","Grooming", IF(B6="Carrier","Accessories", IF(B6="Jacket","Accessories", IF(B6="Hat","Accessories", IF(B6="Sweater","Accessories", IF(B6="Raincoat","Accessories", B6))))))))))))))))))))) -> Food | D6: =VALUE(SUBSTITUTE(TRIM(Raw_Data!C6), "$","")) -> 45 | E6: =IF(D4="N/A","N/A", IF(D4<=10,"0-10", IF(D4<=20,"10-20", IF(D4<=30,"20-30","30+")))) -> 10-20 | F6: =VALUE(TRIM(Raw_Data!D6)) -> 2 | G6: =IF(F4<=5,"1-5", IF(F4<=10,"6-10", IF(F4<=15,"11-15","16+"))) -> 1-5 | H6: =PROPER(TRIM(Raw_Data!E6)) -> Petco | I6: =DATEVALUE(TRIM(Raw_Data!F6)) -> 46029 | J6: Capitalization corrected; price formatted
A7: =PROPER(TRIM(Raw_Data!A7)) -> Dog Collar Large | B7: =PROPER(TRIM(Raw_Data!B7)) -> Collar | C7: =IF(B7="Toy","Toys", IF(B7="Toys","Toys", IF(B7="Chew","Toys", IF(B7="Chew Toys","Toys", IF(B7="Treats","Treats", IF(B7="Snacks","Treats", IF(B7="Food","Food", IF(B7="Leash","Walking", IF(B7="Collar","Walking", IF(B7="Harness","Walking", IF(B7="Bed","Comfort", IF(B7="Blanket","Comfort", IF(B7="Shampoo","Grooming", IF(B7="Toothpaste","Grooming", IF(B7="Clippers","Grooming", IF(B7="Grooming","Grooming", IF(B7="Carrier","Accessories", IF(B7="Jacket","Accessories", IF(B7="Hat","Accessories", IF(B7="Sweater","Accessories", IF(B7="Raincoat","Accessories", B7))))))))))))))))))))) -> Walking | D7: =VALUE(SUBSTITUTE(TRIM(Raw_Data!C7), "$","")) -> 14.99 | E7: =IF(D5="N/A","N/A", IF(D5<=10,"0-10", IF(D5<=20,"10-20", IF(D5<=30,"20-30","30+")))) -> 0-10 | F7: =VALUE(TRIM(Raw_Data!D7)) -> 8 | G7: =IF(F5<=5,"1-5", IF(F5<=10,"6-10", IF(F5<=15,"11-15","16+"))) -> 6-10 | H7: =PROPER(TRIM(Raw_Data!E7)) -> Paws N Claws | I7: =DATEVALUE(TRIM(Raw_Data!F7)) -> 46032 | J7: Capitalization corrected; price formatted
A8: =PROPER(TRIM(Raw_Data!A8)) -> Dog Toy Squeaky | B8: =PROPER(TRIM(Raw_Data!B8)) -> Toy | C8: =IF(B8="Toy","Toys", IF(B8="Toys","Toys", IF(B8="Chew","Toys", IF(B8="Chew Toys","Toys", IF(B8="Treats","Treats", IF(B8="Snacks","Treats", IF(B8="Food","Food", IF(B8="Leash","Walking", IF(B8="Collar","Walking", IF(B8="Harness","Walking", IF(B8="Bed","Comfort", IF(B8="Blanket","Comfort", IF(B8="Shampoo","Grooming", IF(B8="Toothpaste","Grooming", IF(B8="Clippers","Grooming", IF(B8="Grooming","Grooming", IF(B8="Carrier","Accessories", IF(B8="Jacket","Accessories", IF(B8="Hat","Accessories", IF(B8="Sweater","Accessories", IF(B8="Raincoat","Accessories", B8))))))))))))))))))))) -> Toys | D8: =VALUE(SUBSTITUTE(TRIM(Raw_Data!C8), "$","")) -> 8.5 | E8: =IF(D6="N/A","N/A", IF(D6<=10,"0-10", IF(D6<=20,"10-20", IF(D6<=30,"20-30","30+")))) -> 30+ | F8: =VALUE(TRIM(Raw_Data!D8)) -> 12 | G8: =IF(F6<=5,"1-5", IF(F6<=10,"6-10", IF(F6<=15,"11-15","16+"))) -> 1-5 | H8: =PROPER(TRIM(Raw_Data!E8)) -> Doggiemart | I8: =DATEVALUE(TRIM(Raw_Data!F8)) -> 46034 | J8: Capitalization corrected; price formatted
A9: =PROPER(TRIM(Raw_Data!A9)) -> Puppy Treats | B9: =PROPER(TRIM(Raw_Data!B9)) -> Treats | C9: =IF(B9="Toy","Toys", IF(B9="Toys","Toys", IF(B9="Chew","Toys", IF(B9="Chew Toys","Toys", IF(B9="Treats","Treats", IF(B9="Snacks","Treats", IF(B9="Food","Food", IF(B9="Leash","Walking", IF(B9="Collar","Walking", IF(B9="Harness","Walking", IF(B9="Bed","Comfort", IF(B9="Blanket","Comfort", IF(B9="Shampoo","Grooming", IF(B9="Toothpaste","Grooming", IF(B9="Clippers","Grooming", IF(B9="Grooming","Grooming", IF(B9="Carrier","Accessories", IF(B9="Jacket","Accessories", IF(B9="Hat","Accessories", IF(B9="Sweater","Accessories", IF(B9="Raincoat","Accessories", B9))))))))))))))))))))) -> Treats | D9: =VALUE(SUBSTITUTE(TRIM(Raw_Data!C9), "$","")) -> 6.25 | E9: =IF(D7="N/A","N/A", IF(D7<=10,"0-10", IF(D7<=20,"10-20", IF(D7<=30,"20-30","30+")))) -> 10-20 | F9: =VALUE(TRIM(Raw_Data!D9)) -> 15 | G9: =IF(F7<=5,"1-5", IF(F7<=10,"6-10", IF(F7<=15,"11-15","16+"))) -> 6-10 | H9: =PROPER(TRIM(Raw_Data!E9)) -> Furever | I9: =DATEVALUE(TRIM(Raw_Data!F9)) -> 46037 | J9: Capitalization corrected; price formatted
A10: =PROPER(TRIM(Raw_Data!A10)) -> Dog Shampoo | B10: =PROPER(TRIM(Raw_Data!B10)) -> Shampoo | C10: =IF(B10="Toy","Toys", IF(B10="Toys","Toys", IF(B10="Chew","Toys", IF(B10="Chew Toys","Toys", IF(B10="Treats","Treats", IF(B10="Snacks","Treats", IF(B10="Food","Food", IF(B10="Leash","Walking", IF(B10="Collar","Walking", IF(B10="Harness","Walking", IF(B10="Bed","Comfort", IF(B10="Blanket","Comfort", IF(B10="Shampoo","Grooming", IF(B10="Toothpaste","Grooming", IF(B10="Clippers","Grooming", IF(B10="Grooming","Grooming", IF(B10="Carrier","Accessories", IF(B10="Jacket","Accessories", IF(B10="Hat","Accessories", IF(B10="Sweater","Accessories", IF(B10="Raincoat","Accessories", B10))))))))))))))))))))) -> Grooming | D10: =VALUE(SUBSTITUTE(TRIM(Raw_Data!C10), "$","")) -> 10 | E10: =IF(D8="N/A","N/A", IF(D8<=10,"0-10", IF(D8<=20,"10-20", IF(D8<=30,"20-30","30+")))) -> 0-10 | F10: =VALUE(TRIM(Raw_Data!D10)) -> 7 | G10: =IF(F8<=5,"1-5", IF(F8<=10,"6-10", IF(F8<=15,"11-15","16+"))) -> 11-15 | H10: =PROPER(TRIM(Raw_Data!E10)) -> Puppysupply | I10: =DATEVALUE(TRIM(Raw_Data!F10)) -> 46040 | J10: Capitalization corrected; price formatted
A11: =PROPER(TRIM(Raw_Data!A11)) -> Chew Toy | B11: =PROPER(TRIM(Raw_Data!B11)) -> Toy | C11: =IF(B11="Toy","Toys", IF(B11="Toys","Toys", IF(B11="Chew","Toys", IF(B11="Chew Toys","Toys", IF(B11="Treats","Treats", IF(B11="Snacks","Treats", IF(B11="Food","Food", IF(B11="Leash","Walking", IF(B11="Collar","Walking", IF(B11="Harness","Walking", IF(B11="Bed","Comfort", IF(B11="Blanket","Comfort", IF(B11="Shampoo","Grooming", IF(B11="Toothpaste","Grooming", IF(B11="Clippers","Grooming", IF(B11="Grooming","Grooming", IF(B11="Carrier","Accessories", IF(B11="Jacket","Accessories", IF(B11="Hat","Accessories", IF(B11="Sweater","Accessories", IF(B11="Raincoat","Accessories", B11))))))))))))))))))))) -> Toys | D11: =VALUE(SUBSTITUTE(TRIM(Raw_Data!C11), "$","")) -> 7.75 | E11: =IF(D9="N/A","N/A", IF(D9<=10,"0-10", IF(D9<=20,"10-20", IF(D9<=30,"20-30","30+")))) -> 0-10 | F11: =VALUE(TRIM(Raw_Data!D11)) -> 6 | G11: =IF(F9<=5,"1-5", IF(F9<=10,"6-10", IF(F9<=15,"11-15","16+"))) -> 11-15 | H11: =PROPER(TRIM(Raw_Data!E11)) -> Pethub | I11: =DATEVALUE(TRIM(Raw_Data!F11)) -> 46042 | J11: Capitalization corrected; price formatted
A12: =PROPER(TRIM(Raw_Data!A12)) -> Dog Harness | B12: =PROPER(TRIM(Raw_Data!B12)) -> Harness | C12: =IF(B12="Toy","Toys", IF(B12="Toys","Toys", IF(B12="Chew","Toys", IF(B12="Chew Toys","Toys", IF(B12="Treats","Treats", IF(B12="Snacks","Treats", IF(B12="Food","Food", IF(B12="Leash","Walking", IF(B12="Collar","Walking", IF(B12="Harness","Walking", IF(B12="Bed","Comfort", IF(B12="Blanket","Comfort", IF(B12="Shampoo","Grooming", IF(B12="Toothpaste","Grooming", IF(B12="Clippers","Grooming", IF(B12="Grooming","Grooming", IF(B12="Carrier","Accessories", IF(B12="Jacket","Accessories", IF(B12="Hat","Accessories", IF(B12="Sweater","Accessories", IF(B12="Raincoat","Accessories", B12))))))))))))))))))))) -> Walking | D12: =VALUE(SUBSTITUTE(TRIM(Raw_Data!C12), "$","")) -> 15.99 | E12: =IF(D10="N/A","N/A", IF(D10<=10,"0-10", IF(D10<=20,"10-20", IF(D10<=30,"20-30","30+")))) -> 0-10 | F12: =VALUE(TRIM(Raw_Data!D12)) -> 3 | G12: =IF(F10<=5,"1-5", IF(F10<=10,"6-10", IF(F10<=15,"11-15","16+"))) -> 6-10 | H12: =PROPER(TRIM(Raw_Data!E12)) -> Barkshop | I12: =DATEVALUE(TRIM(Raw_Data!F12)) -> 46044 | J12: Capitalization corrected; price formatted
A13: =PROPER(TRIM(Raw_Data!A13)) -> Dog Bed Soft | B13: =PROPER(TRIM(Raw_Data!B13)) -> Bed | C13: =IF(B13="Toy","Toys", IF(B13="Toys","Toys", IF(B13="Chew","Toys", IF(B13="Chew Toys","Toys", IF(B13="Treats","Treats", IF(B13="Snacks","Treats", IF(B13="Food","Food", IF(B13="Leash","Walking", IF(B13="Collar","Walking", IF(B13="Harness","Walking", IF(B13="Bed","Comfort", IF(B13="Blanket","Comfort", IF(B13="Shampoo","Grooming", IF(B13="Toothpaste","Grooming", IF(B13="Clippers","Grooming", IF(B13="Grooming","Grooming", IF(B13="Carrier","Accessories", IF(B13="Jacket","Accessories", IF(B13="Hat","Accessories", IF(B13="Sweater","Accessories", IF(B13="Raincoat","Accessories", B13))))))))))))))))))))) -> Comfort | D13: =VALUE(SUBSTITUTE(TRIM(Raw_Data!C13), "$","")) -> 35 | E13: =IF(D11="N/A","N/A", IF(D11<=10,"0-10", IF(D11<=20,"10-20", IF(D11<=30,"20-30","30+")))) -> 0-10 | F13: =VALUE(TRIM(Raw_Data!D13)) -> 4 | G13: =IF(F11<=5,"1-5", IF(F11<=10,"6-10", IF(F11<=15,"11-15","16+"))) -> 6-10 | H13: =PROPER(TRIM(Raw_Data!E13)) -> Caninecorner | I13: =DATEVALUE(TRIM(Raw_Data!F13)) -> 46047 | J13: Capitalization corrected; price formatted
A14: =PROPER(TRIM(Raw_Data!A14)) -> Dog Toothpaste | B14: =PROPER(TRIM(Raw_Data!B14)) -> Toothpaste | C14: =IF(B14="Toy","Toys", IF(B14="Toys","Toys", IF(B14="Chew","Toys", IF(B14="Chew Toys","Toys", IF(B14="Treats","Treats", IF(B14="Snacks","Treats", IF(B14="Food","Food", IF(B14="Leash","Walking", IF(B14="Collar","Walking", IF(B14="Harness","Walking", IF(B14="Bed","Comfort", IF(B14="Blanket","Comfort", IF(B14="Shampoo","Grooming", IF(B14="Toothpaste","Grooming", IF(B14="Clippers","Grooming", IF(B14="Grooming","Grooming", IF(B14="Carrier","Accessories", IF(B14="Jacket","Accessories", IF(B14="Hat","Accessories", IF(B14="Sweater","Accessories", IF(B14="Raincoat","Accessories", B14))))))))))))))))))))) -> Grooming | D14: =VALUE(SUBSTITUTE(TRIM(Raw_Data!C14), "$","")) -> 5 | E14: =IF(D12="N/A","N/A", IF(D12<=10,"0-10", IF(D12<=20,"10-20", IF(D12<=30,"20-30","30+")))) -> 10-20 | F14: =VALUE(TRIM(Raw_Data!D14)) -> 10 | G14: =IF(F12<=5,"1-5", IF(F12<=10,"6-10", IF(F12<=15,"11-15","16+"))) -> 1-5 | H14: =PROPER(TRIM(Raw_Data!E14)) -> Pupstore | I14: =DATEVALUE(TRIM(Raw_Data!F14)) -> 46050 | J14: Capitalization corrected; price formatted
A15: =PROPER(TRIM(Raw_Data!A15)) -> Bone Toy | B15: =PROPER(TRIM(Raw_Data!B15)) -> Toy | C15: =IF(B15="Toy","Toys", IF(B15="Toys","Toys", IF(B15="Chew","Toys", IF(B15="Chew Toys","Toys", IF(B15="Treats","Treats", IF(B15="Snacks","Treats", IF(B15="Food","Food", IF(B15="Leash","Walking", IF(B15="Collar","Walking", IF(B15="Harness","Walking", IF(B15="Bed","Comfort", IF(B15="Blanket","Comfort", IF(B15="Shampoo","Grooming", IF(B15="Toothpaste","Grooming", IF(B15="Clippers","Grooming", IF(B15="Grooming","Grooming", IF(B15="Carrier","Accessories", IF(B15="Jacket","Accessories", IF(B15="Hat","Accessories", IF(B15="Sweater","Accessories", IF(B15="Raincoat","Accessories", B15))))))))))))))))))))) -> Toys | D15: =VALUE(SUBSTITUTE(TRIM(Raw_Data!C15), "$","")) -> 6 | E15: =IF(D13="N/A","N/A", IF(D13<=10,"0-10", IF(D13<=20,"10-20", IF(D13<=30,"20-30","30+")))) -> 30+ | F15: =VALUE(TRIM(Raw_Data!D15)) -> 9 | G15: =IF(F13<=5,"1-5", IF(F13<=10,"6-10", IF(F13<=15,"11-15","16+"))) -> 1-5 | H15: =PROPER(TRIM(Raw_Data!E15)) -> Doggiemart | I15: =DATEVALUE(TRIM(Raw_Data!F15)) -> 46052 | J15: Capitalization corrected; price formatted
A16: =PROPER(TRIM(Raw_Data!A16)) -> Puppy Blanket | B16: =PROPER(TRIM(Raw_Data!B16)) -> Blanket | C16: =IF(B16="Toy","Toys", IF(B16="Toys","Toys", IF(B16="Chew","Toys", IF(B16="Chew Toys","Toys", IF(B16="Treats","Treats", IF(B16="Snacks","Treats", IF(B16="Food","Food", IF(B16="Leash","Walking", IF(B16="Collar","Walking", IF(B16="Harness","Walking", IF(B16="Bed","Comfort", IF(B16="Blanket","Comfort", IF(B16="Shampoo","Grooming", IF(B16="Toothpaste","Grooming", IF(B16="Clippers","Grooming", IF(B16="Grooming","Grooming", IF(B16="Carrier","Accessories", IF(B16="Jacket","Accessories", IF(B16="Hat","Accessories", IF(B16="Sweater","Accessories", IF(B16="Raincoat","Accessories", B16))))))))))))))))))))) -> Comfort | D16: =VALUE(SUBSTITUTE(TRIM(Raw_Data!C16), "$","")) -> 20 | E16: =IF(D14="N/A","N/A", IF(D14<=10,"0-10", IF(D14<=20,"10-20", IF(D14<=30,"20-30","30+")))) -> 0-10 | F16: =VALUE(TRIM(Raw_Data!D16)) -> 5 | G16: =IF(F14<=5,"1-5", IF(F14<=10,"6-10", IF(F14<=15,"11-15","16+"))) -> 6-10 | H16: =PROPER(TRIM(Raw_Data!E16)) -> Happypaws | I16: =DATEVALUE(TRIM(Raw_Data!F16)) -> 46054 | J16: Capitalization corrected; price formatted
... A43: =PROPER(TRIM(Raw_Data!A43)) -> Dog Treat Box | B43: =PROPER(TRIM(Raw_Data!B43)) -> Treats | C43: =IF(B43="Toy","Toys", IF(B43="Toys","Toys", IF(B43="Chew","Toys", IF(B43="Chew Toys","Toys", IF(B43="Treats","Treats", IF(B43="Snacks","Treats", IF(B43="Food","Food", IF(B43="Leash","Walking", IF(B43="Collar","Walking", IF(B43="Harness","Walking", IF(B43="Bed","Comfort", IF(B43="Blanket","Comfort", IF(B43="Shampoo","Grooming", IF(B43="Toothpaste","Grooming", IF(B43="Clippers","Grooming", IF(B43="Grooming","Grooming", IF(B43="Carrier","Accessories", IF(B43="Jacket","Accessories", IF(B43="Hat","Accessories", IF(B43="Sweater","Accessories", IF(B43="Raincoat","Accessories", B43))))))))))))))))))))) -> Treats | D43: =VALUE(SUBSTITUTE(TRIM(Raw_Data!C43), "$","")) -> 7 | E43: =IF(D41="N/A","N/A", IF(D41<=10,"0-10", IF(D41<=20,"10-20", IF(D41<=30,"20-30","30+")))) -> 0-10 | F43: =VALUE(TRIM(Raw_Data!D43)) -> 15 | G43: =IF(F41<=5,"1-5", IF(F41<=10,"6-10", IF(F41<=15,"11-15","16+"))) -> 6-10 | H43: =PROPER(TRIM(Raw_Data!E43)) -> Pethub | I43: =DATEVALUE(TRIM(Raw_Data!F43)) -> 46110 | J43: Capitalization corrected; price formatted
A44: =PROPER(TRIM(Raw_Data!A44)) -> Dog Collar Small | B44: =PROPER(TRIM(Raw_Data!B44)) -> Collar | C44: =IF(B44="Toy","Toys", IF(B44="Toys","Toys", IF(B44="Chew","Toys", IF(B44="Chew Toys","Toys", IF(B44="Treats","Treats", IF(B44="Snacks","Treats", IF(B44="Food","Food", IF(B44="Leash","Walking", IF(B44="Collar","Walking", IF(B44="Harness","Walking", IF(B44="Bed","Comfort", IF(B44="Blanket","Comfort", IF(B44="Shampoo","Grooming", IF(B44="Toothpaste","Grooming", IF(B44="Clippers","Grooming", IF(B44="Grooming","Grooming", IF(B44="Carrier","Accessories", IF(B44="Jacket","Accessories", IF(B44="Hat","Accessories", IF(B44="Sweater","Accessories", IF(B44="Raincoat","Accessories", B44))))))))))))))))))))) -> Walking | D44: N/A | E44: =IF(D42="N/A","N/A", IF(D42<=10,"0-10", IF(D42<=20,"10-20", IF(D42<=30,"20-30","30+")))) -> 0-10 | F44: =VALUE(TRIM(Raw_Data!D44)) -> 8 | G44: =IF(F42<=5,"1-5", IF(F42<=10,"6-10", IF(F42<=15,"11-15","16+"))) -> 1-5 | H44: =PROPER(TRIM(Raw_Data!E44)) -> Dogworld | I44: =DATEVALUE(TRIM(Raw_Data!F44)) -> 46112 | J44: Capitalization corrected; marked missing price as N/A

Sheet Charts
A1: This chart shows the number of products in each category, helping identify which product types are most common in the dataset.
A21: This chart groups products by quantity ranges to show how order sizes are different across the dataset.
A42: This chart displays the distribution of products across price ranges to highlight the most common pricing levels.

Sheet README
A1: Dog Product Sales Data Project
A3: Project Overview
A4: This project analyzes dog product data in Google Sheets. The goal was to clean and standardize the dataset, then identify patterns in product categories, quantities, and pricing using pivot tables and charts.
A6: Dataset
A7: The dataset includes:
A9: - Product Name
A10: - Category
A11: - Price
A12: - Quantity
A13: - Supplier
A14: - Date Ordered
A16: The raw data contained inconsistencies in capitalization, formatting, and pricing.
... A46: This project demonstrates data entry, data cleaning, and basic analysis to organize raw data and identify patterns in a structured and meaningful way.
